{
    "class_name": "PinholeCameraParameters",
    "extrinsic": [
        0.04564719539595171,
        -0.38897841059999905,
        0.9201152806249783,
        0.0,
        -0.9983397149830618,
        0.014628231000915055,
        0.05571201257648645,
        0.0,
        -0.035130428975782814,
        -0.9211307241346813,
        -0.3876648578541716,
        0.0,
        -0.48168435595436787,
        4.82949994529106,
        10.004161149106363,
        1.0
    ],
    "intrinsic": {
        "height": 800,
        "intrinsic_matrix": [
            692.820323027551,
            0.0,
            0.0,
            0.0,
            692.820323027551,
            0.0,
            399.5,
            399.5,
            1.0
        ],
        "width": 800
    },
    "version_major": 1,
    "version_minor": 0,
    "h_fov": [
        -40,
        40
    ],
    "v_fov": [
        -20,
        20
    ],
    "x_range": null,
    "y_range": null,
    "z_range": null,
    "d_range": [
        0,
        80
    ]
}