{
    "class_name": "PinholeCameraParameters",
    "extrinsic": [
        0.0723803986023291,
        -0.25096244729413375,
        0.9652869666302903,
        0.0,
        -0.9973222728057249,
        -0.008063751336226197,
        0.07268603772397275,
        0.0,
        -0.010457631844315193,
        -0.9679632358527502,
        -0.2508740958602185,
        0.0,
        -0.8460434617618363,
        2.6494991755308894,
        5.979972764647882,
        1.0
    ],
    "intrinsic": {
        "height": 800,
        "intrinsic_matrix": [
            692.820323027551,
            0.0,
            0.0,
            0.0,
            692.820323027551,
            0.0,
            399.5,
            399.5,
            1.0
        ],
        "width": 800
    },
    "version_major": 1,
    "version_minor": 0,
    "h_fov": [
        -40,
        40
    ],
    "v_fov": [
        -25,
        2.0
    ],
    "x_range": null,
    "y_range": null,
    "z_range": null,
    "d_range": [
        0,
        50
    ]
}