{
    "class_name": "PinholeCameraParameters",
    "extrinsic": [
        0.05666746175333122,
        -0.39173740030181986,
        0.9183303370700582,
        0.0,
        -0.9975986525936923,
        0.014470015169489602,
        0.06773143291149537,
        0.0,
        -0.039821189355472554,
        -0.9199632752810118,
        -0.38997672368046415,
        0.0,
        -1.2434222622584756,
        7.123571596128595,
        18.14031098830259,
        1.0
    ],
    "intrinsic": {
        "height": 800,
        "intrinsic_matrix": [
            692.820323027551,
            0.0,
            0.0,
            0.0,
            692.820323027551,
            0.0,
            399.5,
            399.5,
            1.0
        ],
        "width": 800
    },
    "version_major": 1,
    "version_minor": 0,
    "h_fov": [
        -40,
        40
    ],
    "v_fov": [
        -20,
        20
    ],
    "x_range": null,
    "y_range": null,
    "z_range": null,
    "d_range": [
        0,
        80
    ]
}