{
    "h_fov": [
        -90,
        90
    ],
    "v_fov": [
        -25,
        2.0
    ],
    "x_range": null,
    "y_range": null,
    "z_range": null,
    "d_range": null,
    "class_name": "PinholeCameraParameters",
    "extrinsic": [
        0.04022038423797539,
        -0.9929130467130796,
        -0.11183023901744853,
        0.0,
        -0.9976338115447967,
        -0.033659725282160914,
        -0.05994831904674707,
        0.0,
        0.05575929298646766,
        0.11397677202342371,
        -0.9919174344091195,
        0.0,
        1.226779177895481,
        27.04044024871576,
        47.27685195951755,
        1.0
    ],
    "intrinsic": {
        "height": 800,
        "intrinsic_matrix": [
            692.820323027551,
            0.0,
            0.0,
            0.0,
            692.820323027551,
            0.0,
            399.5,
            399.5,
            1.0
        ],
        "width": 800
    },
    "version_major": 1,
    "version_minor": 0
}