{
    "class_name": "PinholeCameraParameters",
    "extrinsic": [
        -0.025543264266305165,
        -0.9984145348950149,
        -0.05015932775658934,
        0.0,
        -0.9989054244889191,
        0.023524687803192362,
        0.04042946933085773,
        0.0,
        -0.03918538729212883,
        0.05113712520403928,
        -0.9979225921125507,
        0.0,
        2.161835450850722,
        5.411413344650497,
        62.495812063814334,
        1.0
    ],
    "intrinsic": {
        "height": 800,
        "intrinsic_matrix": [
            692.820323027551,
            0.0,
            0.0,
            0.0,
            692.820323027551,
            0.0,
            399.5,
            399.5,
            1.0
        ],
        "width": 800
    },
    "version_major": 1,
    "version_minor": 0,
    "h_fov": [
        -180,
        180
    ],
    "v_fov": [
        -25,
        2.0
    ],
    "x_range": null,
    "y_range": null,
    "z_range": null,
    "d_range": null
}