{
    "class_name": "PinholeCameraParameters",
    "extrinsic": [
        -0.04148689588158802,
        -0.3023188211456776,
        0.9523036111719824,
        0.0,
        -0.99631221547719,
        -0.05912880669232093,
        -0.06217518403732751,
        0.0,
        0.07510530448006769,
        -0.9513711760402614,
        -0.29875086382925553,
        0.0,
        1.5851280732166586,
        4.37261400398057,
        9.38595016228567,
        1.0
    ],
    "intrinsic": {
        "height": 800,
        "intrinsic_matrix": [
            692.820323027551,
            0.0,
            0.0,
            0.0,
            692.820323027551,
            0.0,
            399.5,
            399.5,
            1.0
        ],
        "width": 800
    },
    "version_major": 1,
    "version_minor": 0,
    "h_fov": [
        -30,
        0
    ],
    "v_fov": [
        -25,
        2.0
    ],
    "x_range": null,
    "y_range": null,
    "z_range": null,
    "d_range": [
        0,
        50
    ]
}