{
    "class_name": "PinholeCameraParameters",
    "extrinsic": [
        0.04335346857923539,
        -0.997799838946247,
        -0.05015932775658934,
        0.0,
        -0.9981503891588547,
        -0.04540108623868188,
        0.04042946933085773,
        0.0,
        -0.0426178059521633,
        0.04831379479187569,
        -0.9979225921125507,
        0.0,
        1.783599934705058,
        5.547584895802543,
        62.49581206381433,
        1.0
    ],
    "intrinsic": {
        "height": 800,
        "intrinsic_matrix": [
            692.820323027551,
            0.0,
            0.0,
            0.0,
            692.820323027551,
            0.0,
            399.5,
            399.5,
            1.0
        ],
        "width": 800
    },
    "version_major": 1,
    "version_minor": 0,
    "h_fov": [
        -180,
        180
    ],
    "v_fov": [
        -25,
        2.0
    ],
    "x_range": null,
    "y_range": null,
    "z_range": null,
    "d_range": null
}