{
    "class_name": "PinholeCameraParameters",
    "extrinsic": [
        -0.014831005313184759,
        -0.9994772166580401,
        -0.028728638375279846,
        0.0,
        -0.9996982783151585,
        0.014259396524079771,
        0.02000054860440612,
        0.0,
        -0.019580439604575665,
        0.029016598564724612,
        -0.9993871338938807,
        0.0,
        0.41672803052344937,
        28.36753829533995,
        44.82831329463057,
        1.0
    ],
    "intrinsic": {
        "height": 800,
        "intrinsic_matrix": [
            692.820323027551,
            0.0,
            0.0,
            0.0,
            692.820323027551,
            0.0,
            399.5,
            399.5,
            1.0
        ],
        "width": 800
    },
    "version_major": 1,
    "version_minor": 0,
    "h_fov": [
        -50,
        50
    ],
    "v_fov": [
        -25,
        2.0
    ],
    "x_range": null,
    "y_range": null,
    "z_range": null,
    "d_range": null
}