{
    "class_name": "PinholeCameraParameters",
    "extrinsic": [
        0.043353468579235305,
        -0.997799838946247,
        -0.05015932775658934,
        0.0,
        -0.9981503891588547,
        -0.0454010862386818,
        0.04042946933085773,
        0.0,
        -0.042617805952163294,
        0.0483137947918757,
        -0.9979225921125507,
        0.0,
        1.7835999347050584,
        5.547584895802542,
        84.21675040720761,
        1.0
    ],
    "intrinsic": {
        "height": 800,
        "intrinsic_matrix": [
            692.820323027551,
            0.0,
            0.0,
            0.0,
            692.820323027551,
            0.0,
            399.5,
            399.5,
            1.0
        ],
        "width": 800
    },
    "version_major": 1,
    "version_minor": 0,
    "h_fov": [
        -180,
        180
    ],
    "v_fov": [
        -20,
        20
    ],
    "x_range": null,
    "y_range": null,
    "z_range": null,
    "d_range": [
        0,
        80
    ]
}