{
    "class_name": "PinholeCameraParameters",
    "extrinsic": [
        0.033500124505232654,
        -0.9641651562539593,
        0.26317920344113893,
        0.0,
        -0.9982320614242752,
        -0.045214541206199645,
        -0.03857974608722888,
        0.0,
        0.04909677385303528,
        -0.2614214924777444,
        -0.9639752642407028,
        0.0,
        -0.3959862192918029,
        23.44275609180154,
        40.02308427042743,
        1.0
    ],
    "intrinsic": {
        "height": 800,
        "intrinsic_matrix": [
            692.820323027551,
            0.0,
            0.0,
            0.0,
            692.820323027551,
            0.0,
            399.5,
            399.5,
            1.0
        ],
        "width": 800
    },
    "version_major": 1,
    "version_minor": 0,
    "h_fov": [
        -90,
        90
    ],
    "v_fov": [
        -25,
        2.0
    ],
    "x_range": null,
    "y_range": null,
    "z_range": null,
    "d_range": [
        0,
        100
    ]
}