{
    "h_fov": [
        -180,
        180
    ],
    "v_fov": [
        -25,
        2.0
    ],
    "x_range": null,
    "y_range": null,
    "z_range": null,
    "d_range": null,
    "class_name": "PinholeCameraParameters",
    "extrinsic": [
        0.05541829888323189,
        -0.997105274156798,
        0.052056549996957,
        0.0,
        -0.9851099617627984,
        -0.046104540286240586,
        0.16562830253520172,
        0.0,
        -0.16274881070098998,
        -0.060460264750423674,
        -0.9848133736915448,
        0.0,
        5.879843927446265,
        2.7252793148019663,
        81.53180158195711,
        1.0
    ],
    "intrinsic": {
        "height": 800,
        "intrinsic_matrix": [
            692.820323027551,
            0.0,
            0.0,
            0.0,
            692.820323027551,
            0.0,
            399.5,
            399.5,
            1.0
        ],
        "width": 800
    },
    "version_major": 1,
    "version_minor": 0
}